karmn,Name,RAJ2000,DEJ2000,Teff,e_Teff,E_Teff,logg,e_logg,E_logg,[M/H],e_[M/H],E_[M/H],vsini,e_vsini,E_vsini
J00051+457,GJ 2,1.3009212651,45.78589435046,3780,34,40,4.7,0.04,0.01,0.03,0.04,0.06,3.19,0.16,0.48
J00067-075,GJ 1002,1.67635042594,-7.54647532526,3073,27,18,5.1,0.09,0.04,0.06,0.15,0.08,3.02,0.66,0.33
J00162+198E,LP 404-062,4.07065062194,19.86069229774,3362,25,34,4.9,0.06,0.02,0.07,0.17,0.02,2.13,0.22,0.3
J00183+440,GX And,4.61322625756,44.02478674399,3709,43,15,4.8,0.07,0.03,-0.33,0.17,0.06,2.02,0.3,0.2
J00184+440,GQ And,4.62530068122,44.02874451664,3251,13,36,4.96,0.03,0.05,-0.2,0.1,0.09,2.82,0.24,0.22
J00286-066,GJ 1012,7.16297021421,-6.66721925319,3481,23,35,4.79,0.03,0.08,0.02,0.14,0.03,1.82,0.26,0.43
J00389+306,Wolf 1056,9.75406376462,30.61633814604,3621,40,15,4.74,0.03,0.07,-0.14,0.09,0.07,2.39,0.25,0.19
J00570+450,G 172-030,14.2651559511,45.08575010285,3412,22,29,4.87,0.06,0.03,-0.04,0.11,0.04,2.71,0.18,0.24
J01013+613,GJ 47,15.3369003106,61.362137735,3568,43,15,4.79,0.02,0.06,-0.2,0.06,0.08,2.93,0.19,0.28
J01025+716,BD+70 68,15.6590118756,71.67812049454,3715,45,19,4.71,0.03,0.03,-0.0,0.08,0.06,1.99,0.35,0.32
J01026+623,BD+61 195,15.66895082068,62.34545122289,3764,34,46,4.69,0.02,0.03,0.11,0.02,0.07,3.7,0.15,0.43
J01048-181,GJ 1028,16.23022246918,-18.12244895479,3142,33,12,5.05,0.08,0.04,0.04,0.1,0.12,2.28,0.48,0.36
J01125-169,YZ Cet,18.13325425371,-16.99615487248,3137,28,18,5.02,0.03,0.07,-0.17,0.11,0.16,4.54,0.35,0.22
J01339-176,LP 768-113,23.49187379987,-17.64077346314,3268,15,25,4.89,0.01,0.07,-0.07,0.13,0.07,4.82,0.35,0.26
J01433+043,GJ 70,25.83219667036,4.31825535643,3569,40,16,4.78,0.03,0.07,-0.14,0.07,0.07,2.85,0.15,0.23
J01518+644,G 244-037,27.96550010712,64.4341179615,3606,14,47,4.72,0.02,0.05,0.02,0.05,0.04,3.02,0.15,0.33
J02002+130,TZ Ari,30.05898704765,13.04407120112,3120,27,20,5.02,0.04,0.05,-0.08,0.18,0.11,5.68,0.38,0.2
J02015+637,G 244-047,30.39465528965,63.76957862948,3562,40,14,4.75,0.03,0.07,-0.02,0.11,0.04,2.34,0.14,0.26
J02070+496,G 173-037,31.76767495537,49.64350411033,3375,10,50,4.91,0.07,0.01,-0.12,0.07,0.08,3.89,0.3,0.19
J02088+494,G 173-039,32.22505236302,49.44771631278,3229,16,45,4.85,0.02,0.04,0.04,0.06,0.09,28.55,0.54,1.08
J02123+035,BD+02 348,33.07959930325,3.56738515497,3950,72,28,4.73,0.07,0.02,-0.35,0.1,0.12,1.47,0.14,0.2
J02222+478,BD+47 612,35.56244783525,47.88021328768,3977,49,47,4.67,0.03,0.03,0.08,0.08,0.06,2.68,0.34,0.39
J02336+249,GJ 102,38.40513666109,24.92413187712,3185,18,24,4.96,0.03,0.08,-0.03,0.4,0.09,5.99,0.37,0.28
J02358+202,BD+19 381,38.97329569549,20.21926027726,3666,8,55,4.7,0.02,0.04,0.06,0.04,0.04,2.96,0.11,0.41
J02362+068,BX Cet,39.07167733324,6.87808989817,3402,26,38,4.87,0.06,0.04,0.03,0.16,0.02,2.11,0.2,0.32
J02442+255,VX Ari,41.06888178038,25.52175109435,3476,36,17,4.82,0.03,0.06,-0.13,0.11,0.05,2.41,0.23,0.23
J02519+224,RBS 365,42.97593728423,22.45782391609,3203,20,37,4.85,0.03,0.04,0.1,0.1,0.03,30.14,0.94,0.33
J02565+554W,Ross 364,44.14913665815,55.43522737414,4093,62,55,4.67,0.05,0.04,0.04,0.11,0.12,1.51,0.1,0.52
J03133+047,CD Cet,48.35325823821,4.77520017099,3168,35,15,5.01,0.08,0.05,0.07,0.12,0.12,2.02,0.32,0.41
J03181+382,HD 275122,49.53369363538,38.24952141692,3873,22,70,4.67,0.02,0.03,0.17,0.1,0.06,2.56,0.31,0.41
J03213+799,GJ 133,50.35121497817,79.9685443981,3644,42,14,4.74,0.03,0.07,-0.19,0.05,0.09,2.78,0.23,0.21
J03217-066,G 077-046,50.4469609119,-6.67360462856,3604,10,53,4.72,0.02,0.05,0.04,0.04,0.04,3.82,0.18,0.32
J03463+262,HD 23453,56.58583316845,26.21463311223,4035,49,55,4.67,0.02,0.04,0.16,0.14,0.06,3.03,0.36,0.39
J03473-019,G 080-021,56.84805849384,-1.97342558103,3433,28,37,4.8,0.03,0.07,0.06,0.15,0.06,10.23,0.72,0.12
J03531+625,Ross 567,58.29378718241,62.56771136911,3582,42,19,4.8,0.03,0.07,-0.2,0.11,0.06,2.28,0.22,0.19
J04153-076,omi02 Eri C,63.82965602087,-7.67090338261,3340,19,46,4.89,0.03,0.09,0.02,0.41,0.05,7.06,0.41,0.27
J04225+105,LSPM J0422+1031,65.63439108319,10.52203303307,3509,27,25,4.74,0.03,0.04,0.06,0.06,0.04,2.12,0.22,0.33
J04290+219,BD+21 652,67.25019487313,21.92347532672,4285,87,40,4.66,0.05,0.04,0.2,0.39,0.07,2.91,0.79,0.31
J04311+589,STN 2051A,67.80919062833,58.96797997155,3312,27,29,4.89,0.07,0.02,0.09,0.15,0.02,2.09,0.38,0.28
J04376+528,BD+52 857,69.42278387138,52.89150297231,4148,63,41,4.66,0.02,0.04,-0.05,0.08,0.09,2.8,0.38,0.41
J04376-110,BD-11 916,69.42341319622,-11.03975218735,3674,43,12,4.72,0.02,0.06,-0.08,0.06,0.08,2.6,0.21,0.26
J04429+189,HD 285968,70.73548173808,18.95320292639,3642,6,56,4.72,0.03,0.04,0.01,0.06,0.05,2.91,0.11,0.37
J04429+214,2MASS J04425586+2128230,70.73293563415,21.47356618654,3429,21,33,4.85,0.08,0.02,0.01,0.09,0.03,2.7,0.15,0.24
J04520+064,Wolf 1539,73.02457095864,6.47519220607,3378,26,30,4.86,0.07,0.02,0.06,0.11,0.02,2.49,0.19,0.25
J04538-177,GJ 180,73.4601565715,-17.776283503,3664,47,13,4.77,0.04,0.06,-0.31,0.06,0.12,2.28,0.26,0.2
J04588+498,BD+49 1280,74.71150190902,49.84878426248,4080,57,55,4.66,0.03,0.03,0.17,0.18,0.06,3.16,0.53,0.23
J05019+011,1RXS J050156.7+010845,75.48623384039,1.14484712281,3231,26,25,4.91,0.06,0.03,0.06,0.27,0.05,10.06,0.43,0.29
J05019-069,LP 656-038,75.48680521252,-6.94858740903,3180,19,19,4.99,0.04,0.07,-0.14,0.13,0.14,4.05,0.29,0.21
J05033-173,LP 776-049,75.83262223514,-17.37551008567,3404,26,24,4.89,0.06,0.03,-0.22,0.08,0.08,2.54,0.27,0.2
J05062+046,RX J0506.2+0439,76.55399399668,4.65715172757,3170,22,34,4.86,0.03,0.05,0.17,0.12,0.04,29.81,0.32,0.5
J05127+196,GJ 192,78.17726253072,19.66672536075,3636,40,14,4.72,0.02,0.07,-0.12,0.09,0.07,2.41,0.24,0.23
J05280+096,Ross 41,81.99976842562,9.64056849358,3380,27,26,4.91,0.05,0.03,-0.13,0.11,0.09,2.23,0.28,0.27
J05314-036,HD 36395,82.86754111476,-3.68652760191,3905,39,61,4.67,0.03,0.04,0.25,0.17,0.06,2.73,0.31,0.39
J05337+019,V371 Ori,83.43563711933,1.94471918151,3353,11,61,4.78,0.03,0.02,0.06,0.02,0.09,15.0,0.42,0.32
J05348+138,Ross 46,83.71660430394,13.87787924781,3411,21,33,4.85,0.05,0.04,-0.03,0.12,0.04,2.36,0.21,0.27
J05360-076,Wolf 1457,84.00082080162,-7.64749055072,3352,16,40,4.85,0.07,0.02,0.11,0.14,0.02,1.53,0.05,0.54
J05365+113,V2689 Ori,84.12911430606,11.32761830865,4139,48,51,4.66,0.02,0.04,0.13,0.14,0.08,3.85,0.51,0.19
J05366+112,2MASS J05363846+1117487,84.16024229906,11.2966132947,3219,11,33,4.94,0.02,0.07,-0.03,0.4,0.07,6.13,0.31,0.28
J05415+534,HD 233153,85.37807337011,53.48750978877,3839,32,55,4.68,0.03,0.02,0.12,0.03,0.07,3.47,0.18,0.39
J05421+124,V1352 Ori,85.54770759482,12.48235991779,3391,25,41,4.88,0.05,0.04,0.03,0.17,0.03,1.97,0.42,0.31
J06000+027,G 099-049,90.0159764416,2.7063740799,3185,17,28,4.97,0.04,0.04,-0.11,0.41,0.05,8.15,0.24,0.47
J06011+595,G 192-013,90.29510135819,59.59306278611,3304,18,39,4.92,0.06,0.02,-0.02,0.13,0.04,2.62,0.26,0.17
J06024+498,G 192-015,90.62210758518,49.86182103676,3136,31,14,5.02,0.05,0.08,0.05,0.1,0.1,2.6,0.57,0.21
J06103+821,GJ 226,92.58432174711,82.10081629101,3585,43,14,4.76,0.03,0.07,-0.15,0.08,0.08,2.49,0.18,0.21
J06105-218,HD 42581 A,92.64357908168,-21.86782311323,3857,32,63,4.68,0.03,0.03,0.04,0.04,0.08,2.75,0.22,0.44
J06246+234,Ross 64,96.17468890917,23.43077856957,3327,26,32,4.96,0.06,0.03,-0.1,0.12,0.12,2.86,0.21,0.21
J06371+175,HD 260655,99.29143146488,17.56631651774,3885,52,48,4.73,0.05,0.05,-0.41,0.13,0.11,2.57,0.25,0.43
J06396-210,LP 780-032,99.90509624943,-21.02553280795,3269,17,33,4.89,0.02,0.08,-0.09,0.04,0.1,3.72,0.35,0.15
J06421+035,G 108-021,100.54682814138,3.58013517318,3494,34,25,4.8,0.02,0.08,-0.06,0.14,0.03,2.07,0.19,0.29
J06548+332,Wolf 294,103.70012922714,33.26640801817,3448,25,29,4.81,0.03,0.07,-0.08,0.13,0.05,2.24,0.22,0.26
J06574+740,2MASS J06572616+7405265,104.35739272726,74.09057160646,3219,26,45,4.89,0.05,0.04,0.05,0.15,0.04,31.23,0.93,0.61
J06594+193,GJ 1093,104.87435115777,19.34487368505,3085,42,10,5.08,0.09,0.05,0.17,0.16,0.06,2.55,0.64,0.27
J07033+346,LP 255-011,105.84622747575,34.69823331245,3197,10,27,4.96,0.03,0.08,-0.05,0.4,0.08,5.43,0.35,0.23
J07044+682,GJ 258,106.1122482527,68.28901639536,3511,36,22,4.77,0.03,0.06,-0.01,0.12,0.04,2.35,0.14,0.26
J07274+052,Luytens Star,,,3402,26,34,4.88,0.06,0.03,0.01,0.16,0.03,2.12,0.17,0.31
J07287-032,GJ 1097,112.19128658652,-3.30164700652,3491,36,23,4.79,0.03,0.08,-0.07,0.14,0.04,2.09,0.19,0.29
J07319+362N,BL Lyn,112.98739022538,36.228664834,3291,12,37,4.9,0.04,0.08,0.03,0.36,0.06,5.86,0.4,0.2
J07353+548,GJ 3452,113.84028667734,54.84977307864,3571,43,19,4.79,0.03,0.08,-0.16,0.12,0.08,2.17,0.2,0.22
J07361-031,BD-02 2198,114.02980309738,-3.11206440977,3865,43,49,4.7,0.04,0.02,0.14,0.05,0.08,5.28,0.28,0.27
J07386-212,LP 763-001,114.67284553042,-21.22669095626,3411,22,27,4.88,0.06,0.03,-0.15,0.07,0.08,2.67,0.22,0.23
J07393+021,BD+02 1729,114.8453404773,2.1825730064,4087,55,47,4.67,0.03,0.03,0.09,0.13,0.08,2.51,0.31,0.5
J07472+503,2MASS J07471385+5020386,116.80766643936,50.34438118151,3198,21,22,4.92,0.05,0.02,-0.1,0.1,0.09,13.58,0.49,0.18
J07558+833,GJ 1101,118.96345515735,83.38204366283,3162,24,13,4.89,0.02,0.06,-0.12,0.07,0.08,15.98,0.43,0.21
J07582+413,GJ 1105,119.55420831739,41.30064250417,3330,28,23,4.9,0.06,0.02,0.01,0.16,0.02,2.13,0.3,0.24
J08119+087,Ross 619,122.9946825611,8.75040152206,3316,18,39,4.97,0.06,0.04,-0.23,0.05,0.16,3.61,0.17,0.24
J08126-215,GJ 300,123.17043503163,-21.55502398567,3284,20,39,4.9,0.06,0.02,0.06,0.11,0.04,2.56,0.23,0.24
J08161+013,GJ 2066,124.03158305458,1.30284272698,3668,40,15,4.72,0.02,0.07,-0.14,0.08,0.07,2.41,0.25,0.22
J08293+039,2MASS J08292191+0355092,127.34088758916,3.91894899211,3626,11,52,4.71,0.02,0.04,0.04,0.04,0.05,3.05,0.15,0.36
J08315+730,LP 035-219,127.88482170746,73.0639299446,3442,25,36,4.82,0.03,0.07,-0.01,0.14,0.03,1.97,0.3,0.35
J08358+680,G 234-037,128.94437156732,68.06670261378,3450,9,51,4.85,0.07,0.02,-0.14,0.04,0.09,3.18,0.19,0.22
J08402+314,LSPM J0840+3127,130.06766840126,31.45242630658,3381,27,32,4.9,0.06,0.03,-0.0,0.15,0.04,2.4,0.17,0.22
J08409-234,LP 844-008,130.24445565917,-23.45269701927,3462,26,32,4.79,0.03,0.06,0.05,0.09,0.03,2.15,0.17,0.28
J08413+594,LP 090-018,130.33159038955,59.49165865054,3050,20,27,5.08,0.1,0.04,0.11,0.14,0.08,3.49,0.52,0.44
J08526+283,rho Cnc B,133.16783218849,28.31525242185,3272,20,38,4.9,0.06,0.02,0.11,0.14,0.02,2.13,0.3,0.28
J09005+465,GJ 1119,135.13226060522,46.58408859435,3183,24,21,4.97,0.04,0.09,-0.02,0.16,0.14,3.76,0.42,0.22
J09028+680,LP 060-179,135.72254605697,68.06446038567,3428,28,39,4.85,0.03,0.06,0.01,0.17,0.03,2.03,0.27,0.32
J09133+688,G 234-057,138.34761177342,68.87418195251,3597,23,41,4.72,0.02,0.05,0.07,0.05,0.04,4.35,0.12,0.36
J09140+196,LP 427-016,138.51257175913,19.6675599838,3511,12,51,4.78,0.06,0.03,0.03,0.03,0.06,3.5,0.22,0.29
J09143+526,HD 79210,138.58356161522,52.68408016691,4148,60,35,4.66,0.02,0.04,-0.03,0.09,0.09,2.75,0.48,0.38
J09144+526,HD 79211,138.59131179667,52.68342944184,4099,58,47,4.66,0.03,0.03,-0.01,0.09,0.09,2.67,0.44,0.4
J09161+018,RX J0916.1+0153,139.04266578606,1.88533615119,3205,22,29,4.91,0.02,0.06,-0.18,0.11,0.09,14.6,0.44,0.22
J09163-186,LP 787-052,139.08454259852,-18.62515602142,3619,13,45,4.76,0.05,0.02,-0.01,0.06,0.04,3.74,0.18,0.26
J09307+003,GJ 1125,142.68324346444,0.32022324372,3386,26,28,4.88,0.06,0.03,-0.05,0.12,0.04,2.44,0.24,0.21
J09360-216,GJ 357,144.00748512334,-21.66520085526,3546,44,17,4.81,0.03,0.07,-0.22,0.11,0.07,2.33,0.21,0.24
J09411+132,Ross 85,145.29015483359,13.20892597981,3680,45,15,4.72,0.03,0.04,-0.02,0.06,0.05,2.96,0.18,0.25
J09423+559,GJ 363,145.59099004006,55.98142639896,3420,24,40,4.85,0.06,0.03,0.05,0.12,0.03,2.19,0.14,0.28
J09425+700,GJ 360,145.63642599575,70.03267406175,3539,17,48,4.76,0.04,0.04,0.09,0.05,0.04,4.01,0.13,0.35
J09428+700,GJ 362,145.70679590922,70.03823099188,3408,13,53,4.85,0.07,0.02,0.02,0.06,0.06,4.01,0.37,0.13
J09439+269,Ross 93,145.9788403638,26.9685526196,3441,19,39,4.82,0.04,0.06,0.01,0.14,0.03,2.19,0.17,0.25
J09447-182,GJ 1129,146.18979553814,-18.21436369865,3337,28,27,4.9,0.06,0.02,0.04,0.16,0.01,2.14,0.28,0.26
J09468+760,BD+76 3952,146.70363523804,76.03947042549,3971,36,75,4.68,0.05,0.04,-0.25,0.04,0.16,1.47,0.19,0.19
J09511-123,BD-11 2741,147.79534254143,-12.33632371948,3957,65,38,4.69,0.04,0.03,-0.21,0.04,0.13,1.52,0.03,0.89
J09561+627,BD+63 869,149.03317491182,62.78586947843,4040,51,47,4.66,0.02,0.04,0.12,0.12,0.05,2.76,0.17,0.52
J10023+480,BD+48 1829,150.58641971895,48.08224673491,4080,53,74,4.67,0.06,0.02,-0.15,0.05,0.15,1.48,0.17,0.22
J10122-037,AN Sex,153.07293731001,-3.74674755302,3720,40,30,4.69,0.02,0.03,0.06,0.04,0.05,3.4,0.13,0.4
J10125+570,LP 092-048,153.14209679387,57.06123755179,3394,25,27,4.87,0.06,0.03,-0.09,0.1,0.07,2.37,0.25,0.22
J10167-119,GJ 386,154.18955538044,-11.96446467006,3688,45,14,4.72,0.03,0.03,0.0,0.09,0.05,2.01,0.3,0.31
J10196+198,AD Leo,154.89881370111,19.86980990545,3390,32,37,4.86,0.03,0.08,-0.0,0.32,0.04,8.06,0.45,0.21
J10251-102,BD-09 3070,156.2920240682,-10.22815208004,3774,28,48,4.7,0.04,0.01,0.04,0.04,0.05,3.16,0.13,0.49
J10289+008,BD+01 2447,157.22878342623,0.83774688777,3637,45,12,4.76,0.03,0.07,-0.2,0.05,0.09,2.81,0.21,0.23
J10350-094,LP 670-017,158.75568416721,-9.41153944862,3477,32,23,4.79,0.03,0.06,-0.04,0.12,0.04,2.24,0.19,0.27
J10396-069,GJ 399,159.91580182993,-6.92421781934,3628,41,14,4.73,0.03,0.04,0.03,0.08,0.04,2.35,0.14,0.32
J10416+376,GJ 1134,160.39964142183,37.60928436965,3347,28,32,4.92,0.06,0.03,0.07,0.19,0.04,2.18,0.29,0.27
J10504+331,G 119-037,162.60865141202,33.0983255614,3451,26,35,4.79,0.03,0.05,0.07,0.09,0.03,2.04,0.18,0.34
J10508+068,EE Leo,162.71296406817,6.80448953812,3303,23,31,4.9,0.06,0.02,0.03,0.14,0.02,2.39,0.29,0.21
J11000+228,Ross 104,165.0156786024,22.83170230266,3516,41,14,4.81,0.04,0.05,-0.14,0.09,0.05,2.77,0.18,0.2
J11026+219,DS Leo,165.66044263108,21.96690929052,3886,36,54,4.68,0.03,0.02,0.1,0.04,0.08,4.34,0.33,0.21
J11033+359,Lalande 21185,,,3775,43,21,4.76,0.06,0.03,-0.34,0.13,0.08,1.52,0.05,0.36
J11054+435,BD+44 2051A,,,3748,44,16,4.8,0.08,0.03,-0.4,0.18,0.07,2.13,0.24,0.2
J11110+304W,HD 97101 B,167.76369133154,30.44389289229,3781,27,55,4.7,0.03,0.01,0.09,0.03,0.06,2.89,0.09,0.5
J11126+189,StKM 1-928,168.16228296958,18.93487210507,3780,22,52,4.7,0.04,0.01,0.03,0.04,0.06,2.77,0.15,0.42
J11201-104,LP 733-099,170.02454101242,-10.49622493358,3655,35,21,4.72,0.03,0.04,0.15,0.07,0.05,7.48,0.49,0.16
J11289+101,Wolf 398,172.23102334262,10.18004863201,3456,24,35,4.81,0.03,0.08,-0.04,0.16,0.04,1.87,0.34,0.36
J11302+076,K2-18,172.56012975777,7.58781312215,3552,42,12,4.75,0.03,0.06,0.0,0.09,0.04,2.51,0.15,0.24
J11306-080,LP 672-042,172.67268592788,-8.09412976081,3400,22,32,4.86,0.07,0.02,-0.02,0.09,0.04,2.77,0.2,0.24
J11417+427,Ross 1003,175.43249920719,42.75157375642,3444,21,39,4.81,0.03,0.06,0.05,0.13,0.02,1.78,0.25,0.46
J11421+267,Ross 905,175.55067547084,26.70295395359,3551,38,20,4.76,0.03,0.07,-0.05,0.13,0.04,2.06,0.21,0.22
J11467-140,GJ 443,176.68206095689,-14.01787900816,3618,12,51,4.71,0.02,0.04,0.09,0.04,0.05,2.55,0.09,0.45
J11476+786,GJ 445,176.93940798148,78.69329745305,3502,36,27,4.8,0.02,0.09,-0.07,0.15,0.04,1.93,0.33,0.33
J11477+008,FI Vir,176.93768799004,0.79911997024,3203,10,33,4.95,0.03,0.06,-0.05,0.1,0.1,2.62,0.27,0.19
J11509+483,GJ 1151,177.73016381236,48.37309979652,3191,24,21,5.0,0.07,0.04,-0.02,0.14,0.1,2.48,0.18,0.34
J11511+352,BD+36 2219,177.77908194992,35.2731396431,3685,27,36,4.73,0.04,0.04,-0.12,0.07,0.08,3.51,0.18,0.19
J12054+695,Ross 689,181.3678591224,69.53936644394,3359,30,32,4.89,0.06,0.02,0.08,0.16,0.02,2.2,0.24,0.27
J12100-150,LP 734-032,182.52307872638,-15.07454682533,3382,22,40,4.85,0.06,0.03,0.11,0.13,0.02,1.62,0.1,0.59
J12111-199,LTT 4562,182.79799193877,-19.96139412325,3481,36,18,4.81,0.03,0.06,-0.1,0.11,0.05,2.39,0.2,0.25
J12123+544S,HD 238090,183.08869317809,54.48616586319,4098,53,52,4.68,0.04,0.02,-0.09,0.09,0.1,2.49,0.93,0.07
J12156+526,StKM 2-809,183.91478803765,52.65242623924,3302,103,97,5.01,0.15,0.08,-0.09,0.28,0.25,34.31,1.82,3.24
J12230+640,Ross 690,185.74383616312,64.03248298122,3746,43,19,4.7,0.03,0.02,0.02,0.07,0.05,3.17,0.25,0.32
J12248-182,Ross 695,186.22388950027,-18.25255602338,3677,46,15,4.79,0.04,0.07,-0.33,0.18,0.06,2.12,0.23,0.24
J12312+086,BD+09 2636,187.81299297535,8.8082808209,4008,59,41,4.67,0.04,0.02,0.01,0.09,0.06,2.63,0.3,0.41
J12350+098,GJ 476,188.75091289032,9.82707156235,3836,44,32,4.71,0.04,0.03,-0.17,0.06,0.14,1.47,0.07,0.28
J12388+116,Wolf 433,189.71325870875,11.69503594754,3523,35,27,4.78,0.04,0.05,0.06,0.07,0.04,2.47,0.15,0.25
J12428+418,G 123-055,190.70457462087,41.89660906888,3281,15,39,4.91,0.04,0.08,0.04,0.34,0.06,5.56,0.34,0.21
J12479+097,Wolf 437,191.98138882517,9.74935423088,3405,27,41,4.85,0.03,0.05,0.03,0.17,0.02,1.55,0.06,0.59
J13005+056,FN Vir,195.13547450286,5.68656685418,3087,22,33,4.91,0.05,0.04,0.07,0.15,0.08,18.65,0.53,0.41
J13196+333,Ross 1007,199.91560228235,33.34589602599,3780,26,50,4.69,0.03,0.03,0.16,0.05,0.06,2.8,0.12,0.53
J13209+342,BD+35 2439,200.24446675766,34.27762309069,3918,64,25,4.68,0.04,0.03,-0.03,0.09,0.09,2.31,0.55,0.37
J13229+244,Ross 1020,200.73344179223,24.46382240882,3473,35,23,4.81,0.02,0.08,-0.05,0.14,0.04,2.31,0.19,0.3
J13283-023W,Ross 486A,202.08850669038,-2.3625012356,3546,41,17,4.75,0.03,0.07,0.02,0.09,0.03,2.25,0.15,0.28
J13293+114,GJ 513,202.340288785,11.43544404212,3693,44,27,4.71,0.03,0.03,0.05,0.07,0.07,1.47,0.06,0.4
J13299+102,BD+11 2576,202.50420163284,10.37238957413,3816,47,29,4.7,0.04,0.03,-0.09,0.06,0.1,2.69,0.17,0.39
J13427+332,Ross1015,205.67969336228,33.28692386555,3351,31,23,4.9,0.05,0.02,-0.03,0.15,0.03,2.27,0.28,0.23
J13450+176,BD+18 2776,206.27327486352,17.77728797145,4100,44,69,4.74,0.09,0.04,-0.53,0.27,0.09,1.48,0.18,0.1
J13457+148,HD 119850,206.44056584486,14.8850527046,3950,59,34,4.7,0.05,0.04,-0.31,0.06,0.15,1.48,0.08,0.33
J13458-179,LP 798-034,206.45987655622,-17.97068075089,3389,26,35,4.89,0.06,0.02,0.02,0.16,0.02,2.09,0.19,0.31
J13536+776,RX J1353.6+7737,208.41629245213,77.61886343809,3203,17,23,4.94,0.06,0.03,-0.16,0.12,0.06,13.02,0.55,0.14
J13582+125,Ross 837,209.55650642406,12.58206347744,3347,35,22,4.93,0.06,0.02,-0.22,0.08,0.07,3.14,0.21,0.25
J14010-026,HD 122303,210.25961163219,-2.65220691841,3872,59,26,4.69,0.04,0.03,-0.12,0.07,0.12,2.63,0.34,0.33
J14082+805,BD+81 465,212.05986313267,80.59485932688,4020,56,59,4.67,0.05,0.02,0.05,0.1,0.09,1.57,0.07,0.87
J14152+450,Ross 992,213.81650967848,45.01380459039,3630,40,19,4.73,0.03,0.05,-0.03,0.1,0.06,2.13,0.26,0.27
J14173+454,RX J1417.3+4525,214.34237220585,45.42936021377,3106,26,18,4.91,0.03,0.07,0.09,0.2,0.05,20.4,0.54,0.4
J14251+518,tet Boo B,216.29652899703,51.82962179088,3542,42,19,4.77,0.02,0.08,-0.07,0.12,0.05,2.33,0.19,0.23
J14257+236E,BD+24 2733B,216.44823322587,23.61550181514,4010,51,51,4.67,0.03,0.04,0.17,0.17,0.06,2.38,0.37,0.45
J14257+236W,BD+24 2733A,216.43498979113,23.61211888242,4094,55,55,4.67,0.04,0.04,0.18,0.24,0.06,2.42,0.4,0.41
J14294+155,Ross 130,217.36887348196,15.53841403834,3745,35,32,4.7,0.03,0.02,0.01,0.06,0.06,2.5,0.13,0.48
J14307-086,BD-07 3856,217.69310643288,-8.64739066538,4213,79,35,4.67,0.04,0.03,0.07,0.15,0.11,2.59,0.7,0.23
J14310-122,Wolf 1478,217.75297968151,-12.2978696795,3377,19,35,4.87,0.06,0.02,0.01,0.13,0.03,2.04,0.29,0.28
J14342-125,HN Lib,218.56843175697,-12.51692385359,3328,26,32,4.88,0.07,0.02,0.11,0.15,0.02,2.0,0.39,0.3
J14524+123,G 066-037,223.11861568045,12.39143178497,3636,10,51,4.7,0.01,0.04,0.1,0.03,0.06,3.27,0.1,0.41
J14544+355,Ross 1041,223.61709656629,35.54542849536,3437,25,37,4.87,0.07,0.02,0.02,0.14,0.03,2.27,0.15,0.28
J15013+055,G 015-002,225.33415504486,5.54679427266,3404,18,32,4.87,0.07,0.02,-0.13,0.06,0.08,2.79,0.22,0.25
J15095+031,Ross 1047,227.39562087412,3.16895907316,3567,40,17,4.75,0.03,0.07,-0.02,0.11,0.05,2.27,0.16,0.28
J15194-077,HO Lib,229.85630133329,-7.72270702416,3416,24,29,4.83,0.02,0.07,-0.15,0.09,0.07,2.43,0.28,0.22
J15218+209,OT Ser,230.47094024403,20.97832225751,3630,45,24,4.71,0.02,0.07,0.18,0.07,0.05,9.32,0.53,0.22
J15369-141,Ross 802,234.24220802863,-14.13661715335,3356,22,34,4.88,0.07,0.02,0.07,0.15,0.02,1.95,0.41,0.32
J15474-108,LP 743-031,236.85089113598,-10.89810964978,3547,18,56,4.88,0.05,0.06,-0.21,0.1,0.12,4.52,0.29,0.32
J15499+796,LP 022-420,237.47429032556,79.664882103,3049,21,38,4.89,0.04,0.05,0.23,0.07,0.06,30.11,0.43,0.98
J15598-082,BD-07 4156,239.9733328172,-8.25331951875,3689,18,51,4.71,0.04,0.02,-0.0,0.07,0.05,3.43,0.17,0.33
J16028+205,GJ 609,240.70770535248,20.58365404358,3334,27,28,4.92,0.06,0.02,0.05,0.19,0.01,2.11,0.32,0.27
J16092+093,G 137-084,242.3162349409,9.35306799513,3443,8,47,4.86,0.07,0.02,-0.14,0.04,0.1,3.12,0.19,0.22
J16167+672N,EW Dra,244.18325773775,67.2566406263,3560,41,15,4.76,0.03,0.05,0.03,0.05,0.05,2.76,0.13,0.26
J16167+672S,HD 147379,244.17238993246,67.23921576834,4174,62,50,4.66,0.04,0.04,0.17,0.25,0.07,2.87,0.61,0.23
J16254+543,GJ 625,246.35588833282,54.3033386656,3591,49,11,4.83,0.03,0.06,-0.33,0.15,0.05,2.75,0.22,0.23
J16303-126,V2306 Oph,247.57481416249,-12.66785108081,3381,25,31,4.87,0.05,0.03,-0.03,0.14,0.03,2.13,0.24,0.28
J16327+126,GJ 1203,248.18481430361,12.61217177904,3703,37,32,4.72,0.03,0.05,-0.18,0.08,0.1,1.5,0.04,0.33
J16462+164,LP 446-006,251.55561620944,16.47589944353,3559,41,15,4.75,0.03,0.07,-0.04,0.11,0.05,2.37,0.15,0.24
J16554-083N,GJ 643,253.85142032581,-8.32657626384,3334,31,20,4.92,0.04,0.03,-0.13,0.11,0.08,2.49,0.32,0.17
J16570-043,LP 686-027,254.27604768746,-4.35064932356,3180,13,22,4.93,0.04,0.04,-0.2,0.08,0.06,14.04,0.56,0.15
J16581+257,BD+25 3173,254.53630439636,25.74190129543,3791,29,54,4.7,0.04,0.01,0.01,0.05,0.06,3.26,0.16,0.49
J17033+514,G 203-042,255.85040248888,51.40906417008,3193,13,38,4.98,0.08,0.04,0.05,0.11,0.1,2.11,0.46,0.18
J17052-050,Wolf 636,256.3033222372,-5.09926700748,3909,59,27,4.71,0.04,0.04,-0.28,0.06,0.14,1.47,0.09,0.23
J17071+215,Ross 863,256.77899349987,21.55390609373,3515,36,20,4.78,0.02,0.07,-0.04,0.12,0.04,2.31,0.18,0.23
J17115+384,Wolf 654,257.89598966788,38.44254560682,3463,27,30,4.79,0.02,0.07,-0.0,0.14,0.03,2.0,0.24,0.3
J17166+080,GJ 2128,259.16950281593,8.05809130171,3598,42,17,4.75,0.03,0.07,-0.13,0.1,0.07,2.33,0.23,0.19
J17198+417,GJ 671,259.9713259724,41.71011698031,3564,43,18,4.78,0.03,0.08,-0.17,0.1,0.07,2.38,0.19,0.24
J17303+055,BD+05 3409,262.59483404602,5.54741009931,3941,60,35,4.68,0.04,0.03,-0.11,0.07,0.11,2.45,0.44,0.36
J17355+616,BD+61 1678C,263.896114509,61.67927672424,3891,38,61,4.68,0.02,0.04,0.14,0.09,0.04,3.07,0.22,0.42
J17364+683,BD+68 946 AB,264.1040525732,68.33349763759,3612,37,25,4.73,0.03,0.06,-0.04,0.11,0.07,2.02,0.29,0.28
J17378+185,BD+18 3421,264.47662365178,18.59608765435,3753,41,25,4.77,0.07,0.02,-0.33,0.08,0.11,2.13,0.2,0.24
J17542+073,GJ 1222,268.5686657879,7.37783232728,3390,26,39,4.87,0.06,0.02,0.09,0.13,0.03,2.06,0.19,0.32
J17578+046,Barnards Star,,,3353,33,24,4.96,0.06,0.03,-0.22,0.06,0.1,3.08,0.24,0.21
J17578+465,G 204-039,269.46226112887,46.59121608783,3444,12,38,4.84,0.06,0.02,-0.01,0.09,0.03,2.79,0.12,0.21
J18027+375,GJ 1223,270.69372437929,37.51241783764,3171,29,29,5.01,0.07,0.06,0.05,0.15,0.14,1.6,0.08,0.67
J18051-030,HD 165222,271.2841138366,-3.03279800184,3746,42,20,4.72,0.04,0.05,-0.2,0.05,0.1,2.72,0.19,0.32
J18165+048,G 140-051,274.1307229211,4.88119323582,3183,24,27,4.99,0.08,0.04,0.06,0.14,0.11,2.03,0.24,0.33
J18174+483,TYC 3529-1437-1,274.35438468965,48.36752952248,3564,30,29,4.74,0.03,0.06,0.1,0.05,0.03,6.06,0.48,0.13
J18180+387E,G 204-058,274.51553741438,38.77115776696,3493,43,13,4.83,0.03,0.07,-0.21,0.13,0.05,2.26,0.24,0.26
J18189+661,LP 071-165,274.74325647947,66.19061665488,3087,15,27,4.9,0.03,0.05,-0.03,0.05,0.12,17.87,0.39,0.35
J18198-019,HD 168442,274.96183629691,-1.9386127598,4283,74,29,4.68,0.05,0.02,-0.06,0.13,0.08,2.44,0.55,0.53
J18221+063,Ross 136,275.52249410602,6.34426682021,3583,30,38,4.76,0.03,0.09,-0.11,0.15,0.07,1.52,0.04,0.34
J18224+620,GJ 1227,275.60383795841,62.04499387477,3187,24,30,5.0,0.07,0.07,0.06,0.18,0.13,2.38,0.22,0.37
J18319+406,G 205-028,277.99268627291,40.68822682125,3427,25,26,4.85,0.06,0.03,-0.04,0.11,0.04,2.59,0.17,0.26
J18346+401,LP 229-017,278.65305180918,40.12307795292,3430,23,35,4.78,0.04,0.05,0.08,0.07,0.04,2.03,0.2,0.33
J18353+457,BD+45 2743,278.82950726264,45.7456542121,4063,55,54,4.67,0.04,0.02,-0.02,0.07,0.11,2.17,0.48,0.49
J18363+136,Ross 149,279.08095248216,13.60856519951,3261,14,31,4.93,0.03,0.08,-0.03,0.23,0.06,4.45,0.35,0.23
J18409-133,BD-13 5069,280.23835156458,-13.38259300495,3804,25,57,4.69,0.04,0.01,0.06,0.03,0.06,2.85,0.15,0.45
J18419+318,Ross 145,280.49441133941,31.83052644423,3523,42,21,4.79,0.02,0.08,-0.12,0.12,0.04,2.3,0.18,0.26
J18427+596N,HD 173739,280.68307083523,59.63835790775,3640,32,32,4.75,0.02,0.07,-0.25,0.13,0.08,1.55,0.06,0.48
J18427+596S,HD 173740,280.68308624583,59.63514545482,3538,43,20,4.8,0.02,0.08,-0.2,0.13,0.06,2.08,0.2,0.27
J18480-145,G 155-042,282.00420159431,-14.58194288915,3528,44,14,4.79,0.02,0.08,-0.15,0.1,0.06,2.53,0.18,0.22
J18482+076,G 141-036,282.07475874496,7.69032389481,3061,23,23,5.05,0.08,0.04,0.13,0.18,0.07,4.94,0.46,0.17
J18498-238,V1216 Sgr,282.45878901752,-23.83709744873,3192,21,17,4.97,0.02,0.06,-0.24,0.37,0.12,6.72,0.32,0.37
J18580+059,BD+05 3993,284.4996904022,5.90269748286,4009,59,42,4.67,0.04,0.03,0.06,0.1,0.05,2.56,0.37,0.39
J19070+208,Ross 730,286.7709107523,20.88648751788,3639,44,19,4.8,0.03,0.07,-0.34,0.18,0.05,1.54,0.05,0.47
J19072+208,HD 349726,286.80272964028,20.87553840148,3643,47,17,4.8,0.03,0.06,-0.32,0.17,0.05,1.9,0.39,0.22
J19084+322,G 207-019,287.12364061757,32.28000653138,3450,30,22,4.82,0.03,0.06,-0.14,0.09,0.07,2.52,0.24,0.23
J19098+176,GJ 1232,287.45898037907,17.66656000356,3211,16,39,4.98,0.07,0.04,0.03,0.13,0.1,2.17,0.37,0.17
J19169+051N,V1428 Aql,289.22765150362,5.16297630267,3651,42,9,4.72,0.02,0.05,-0.01,0.08,0.05,2.4,0.19,0.28
J19216+208,GJ 1235,290.40673458165,20.86110512807,3211,10,30,4.97,0.06,0.03,-0.01,0.11,0.09,2.57,0.26,0.21
J19251+283,Ross 164,291.28639756565,28.35551122465,3417,23,34,4.86,0.07,0.02,0.01,0.12,0.04,2.4,0.18,0.29
J19346+045,BD+04 4157,293.6683376962,4.58389635555,4212,79,35,4.68,0.04,0.02,-0.26,0.04,0.17,2.53,0.84,0.29
J19511+464,G 208-042,297.79001858505,46.48457360659,3173,16,21,4.88,0.03,0.04,0.0,0.05,0.1,25.94,0.52,0.62
J20260+585,Wolf 1069,306.52431726019,58.57537971546,3173,34,16,5.02,0.09,0.04,0.06,0.12,0.11,2.07,0.33,0.37
J20305+654,GJ 793,307.63826397516,65.4508181344,3439,7,50,4.85,0.07,0.02,-0.17,0.04,0.09,3.29,0.22,0.2
J20336+617,GJ 1254,308.42304973521,61.75782450249,3418,28,41,4.85,0.07,0.02,0.08,0.09,0.06,2.15,0.17,0.31
J20405+154,GJ 1256,310.14718809392,15.5025901982,3198,27,16,4.96,0.03,0.08,0.03,0.12,0.08,2.77,0.2,0.31
J20450+444,BD+44 3567,311.26978468219,44.5002726684,3650,44,12,4.74,0.02,0.07,-0.21,0.05,0.09,2.62,0.27,0.18
J20525-169,LP 816-060,313.13613275965,-16.97455846821,3253,14,38,4.95,0.06,0.03,-0.02,0.12,0.08,2.69,0.24,0.17
J20533+621,HD 199305,313.3324563031,62.1509577015,3849,29,66,4.68,0.03,0.02,0.04,0.04,0.07,2.84,0.25,0.42
J20556-140S,GJ 810 B,313.91115663902,-14.06734311348,3247,11,51,4.97,0.06,0.05,-0.01,0.17,0.1,2.49,0.36,0.18
J20567-104,Wolf 896,314.19398627475,-10.45353848149,3603,38,14,4.74,0.03,0.06,0.02,0.08,0.04,2.53,0.14,0.27
J21019-063,Wolf 906,315.49330858499,-6.3207082126,3609,41,11,4.74,0.02,0.06,-0.01,0.08,0.05,2.62,0.13,0.26
J21152+257,LP 397-041,318.80314939305,25.79478549462,3707,19,50,4.68,0.02,0.03,0.2,0.04,0.05,2.73,0.12,0.49
J21164+025,LSPM J2116+0234,319.11478572844,2.58076550352,3535,40,16,4.76,0.03,0.06,-0.01,0.1,0.04,2.43,0.13,0.25
J21221+229,GSC 02187-00512,320.52669933337,22.93195139794,3845,54,32,4.7,0.05,0.02,-0.16,0.06,0.11,3.05,0.28,0.33
J21348+515,Wolf 926,323.71302482043,51.53850250356,3684,48,15,4.72,0.03,0.05,-0.07,0.1,0.08,2.0,0.36,0.29
J21463+382,LSPM J2146+3813,326.59288194186,38.21751708114,3467,34,36,4.84,0.02,0.08,-0.08,0.15,0.06,2.14,0.17,0.3
J21466+668,G 264-012,326.67209809426,66.80387671285,3355,27,28,4.89,0.07,0.02,0.06,0.15,0.02,2.04,0.34,0.32
J21466-001,Wolf 940,326.67184811882,-0.17551733751,3345,25,27,4.89,0.06,0.02,0.04,0.17,0.02,1.99,0.46,0.27
J22012+283,V374 Peg,330.30656607858,28.3071089204,3142,53,112,5.0,0.11,0.11,-0.03,0.26,0.18,38.39,5.21,1.62
J22020-194,LP 819-017,330.50768974078,-19.48278216213,3418,23,33,4.81,0.02,0.07,-0.02,0.13,0.04,2.16,0.18,0.29
J22021+014,BD+00 4810,330.54080176554,1.39899237701,3984,55,44,4.67,0.03,0.03,0.03,0.07,0.07,2.78,0.28,0.46
J22057+656,G 264-018 A,331.43562055378,65.64969504231,3764,35,33,4.71,0.04,0.03,-0.11,0.06,0.09,2.77,0.16,0.35
J22096-046,BD-05 5715,332.42315156605,-4.64083481516,3536,36,21,4.75,0.03,0.06,0.05,0.07,0.03,2.39,0.15,0.27
J22115+184,Ross 271,332.87693362038,18.42699856556,3729,48,15,4.69,0.02,0.03,0.1,0.04,0.05,2.96,0.09,0.45
J22125+085,Wolf 1014,333.1502482523,8.55024242894,3529,42,20,4.78,0.03,0.08,-0.12,0.13,0.05,2.19,0.2,0.25
J22137-176,LP 819-052,333.43259243982,-17.68710496885,3254,12,46,4.93,0.03,0.06,-0.01,0.12,0.1,2.7,0.24,0.17
J22252+594,G 232-070,336.32217871078,59.41245983212,3415,24,37,4.85,0.07,0.02,0.07,0.09,0.03,2.41,0.14,0.26
J22298+414,G 215-050,337.46118352864,41.48216136441,3361,24,32,4.9,0.06,0.02,0.07,0.19,0.02,1.94,0.41,0.34
J22330+093,BD+08 4887,338.26170115163,9.37860496034,3804,45,30,4.71,0.05,0.02,-0.16,0.05,0.1,2.81,0.27,0.26
J22503-070,BD-07 5871,342.58045730563,-7.08964409656,3969,58,40,4.68,0.04,0.02,0.01,0.09,0.07,2.74,0.25,0.45
J22518+317,GT Peg,342.9758008164,31.75400550315,3371,14,60,4.8,0.03,0.05,0.13,0.11,0.03,16.56,0.25,0.56
J22532-142,IL Aqr,343.32411100184,-14.26668939352,3353,26,28,4.88,0.06,0.01,0.06,0.13,0.01,2.18,0.2,0.26
J22559+178,StKM 1-2065,343.99947178423,17.81056564096,3853,31,64,4.68,0.03,0.02,0.05,0.02,0.08,2.96,0.17,0.48
J22565+165,HD 216899,344.14022173121,16.55216937228,3813,27,60,4.68,0.03,0.02,0.08,0.03,0.07,2.88,0.11,0.51
J23113+085,NLTT 56083,,,3409,22,33,4.84,0.05,0.04,0.0,0.12,0.03,2.39,0.19,0.29
J23216+172,LP 462-027,350.40353663497,17.28424239876,3407,24,42,4.85,0.07,0.02,0.07,0.08,0.06,2.25,0.14,0.3
J23245+578,BD+57 2735,351.1266282815,57.85305705753,3838,29,59,4.68,0.03,0.02,0.1,0.04,0.07,2.91,0.11,0.49
J23340+001,GJ 899,353.50947982974,0.17524273262,3730,31,38,4.73,0.04,0.05,-0.22,0.07,0.1,1.6,0.1,0.45
J23381-162,G 273-093,354.53268726382,-16.23651363027,3603,43,17,4.77,0.03,0.07,-0.27,0.09,0.1,2.28,0.25,0.17
J23419+441,HH And,355.48001525816,44.17037570075,3131,34,14,5.05,0.09,0.07,0.09,0.11,0.12,2.4,0.64,0.23
J23431+365,GJ 1289,355.78150915638,36.53631037729,3205,19,22,4.96,0.04,0.07,-0.05,0.13,0.12,3.89,0.43,0.15
J23492+024,BR Psc,357.30660382313,2.3969179442,3912,61,21,4.75,0.07,0.04,-0.43,0.12,0.11,1.5,0.08,0.31
J23505-095,LP 763-012,357.63470522772,-9.56096439189,3310,27,31,4.89,0.06,0.02,0.09,0.14,0.02,2.36,0.25,0.25
J23556-061,GJ 912,358.91361665432,-6.14428302714,3662,18,49,4.69,0.01,0.05,0.11,0.03,0.06,2.98,0.11,0.44
J23585+076,Wolf 1051,359.63641970584,7.65694708118,3507,23,40,4.87,0.06,0.03,-0.1,0.06,0.1,3.33,0.2,0.2
